{

    "pools": [

        {

            "rolls": 1,

            "entries": [
                {

                    "type": "item",

                    "name": "minecraft:leather",

                    "weight": 20

                },

                {

                    "type": "item",

                    "name": "minecraft:paper",

                    "weight": 10

                },
                {

                    "type": "item",

                    "name": "minecraft:sugar_cane",

                    "weight": 2
                },
                {

                    "type": "item",

                    "name": "minecraft:arrow",

                    "weight": 4
                },
                {

                    "type": "item",

                    "name": "minecraft:feather",

                    "weight": 4
                },
                {

                    "type": "item",

                    "name": "minecraft:lead",

                    "weight": 4
                },
                {

                    "type": "item",

                    "name": "minecraft:hay_block",

                    "weight": 6
                },

                {

                    "type": "item",

                    "name": "minecraft:potion",

                    "weight": 1,

                    "functions": [

                        {

                            "function": "set_nbt",

                            "tag": "{Potion:\"minecraft:poison\"}"

                        }

                    ]

                },

                {

                    "type": "item",

                    "name": "minecraft:potion",

                    "weight": 1,

                    "functions": [

                        {

                            "function": "set_nbt",

                            "tag": "{Potion:\"minecraft:luck\"}"

                        }

                    ]


                },

                {

                    "type": "item",

                    "name": "minecraft:string",
                    "weight": 4

                },

                {

                    "type": "item",

                    "name": "minecraft:stone_pickaxe",

                    "weight": 2,

                    "functions": [

                        {

                            "function": "set_damage",

                            "damage": {

                                "min": 0,

                                "max": 0.90

                            }

                        }

                    ]

                },

                {

                    "type": "item",

                    "name": "minecraft:bowl",

                    "weight": 20

                },

                {

                    "type": "item",

                    "name": "minecraft:stick",

                    "weight": 10

                },

                {

                    "type": "item",

                    "name": "minecraft:dried_kelp",

                    "weight": 15

                }
            ]

        }

    ]

}
