{

    "pools": [

        {

            "rolls": 1,

            "entries": [

                {

                    "type": "item",

                    "name": "minecraft:stick",

                    "weight": 10

                },

                {

                    "type": "item",

                    "name": "minecraft:string",

                    "weight": 13

                },

                {

                    "type": "item",

                    "name": "minecraft:bone",

                    "weight": 3

                },

                {

                    "type": "item",

                    "name": "minecraft:string",

                    "weight": 5

                },

                {

                    "type": "item",

                    "name": "minecraft:fishing_rod",

                    "weight": 1,

                    "functions": [

                        {

                            "function": "set_damage",

                            "damage": {

                                "min": 0,

                                "max": 0.90

                            }

                        }

                    ]

                },

                {

                    "type": "item",

                    "name": "minecraft:oak_leaves",

                    "weight": 10

                },

                {

                    "type": "item",

                    "name": "minecraft:stick",

                    "weight": 5

                },

                {

                    "type": "item",

                    "name": "minecraft:egg",

                    "weight": 1

                },

                {

                    "type": "item",

                    "name": "minecraft:feather",

                    "weight": 7

                },

                {

                    "type": "item",

                    "name": "minecraft:wheat",

                    "weight": 3

                }

            ]

        }

    ]

}
