{

    "pools": [

        {

            "rolls": 1,

            "entries": [
                {

                    "type": "item",

                    "name": "minecraft:leather",

                    "weight": 20

                },

                {

                    "type": "item",

                    "name": "minecraft:glowstone_dust",

                    "weight": 2
                },
                {

                    "type": "item",

                    "name": "minecraft:cooked_porkchop",

                    "weight": 4
                },
                {

                    "type": "item",

                    "name": "minecraft:gold_ore",

                    "weight": 1
                },
                {

                    "type": "item",

                    "name": "minecraft:nether_wart",

                    "weight": 6
                },
                {

                    "type": "item",

                    "name": "minecraft:nether_wart_block",

                    "weight": 4
                },
                {

                    "type": "item",

                    "name": "minecraft:stone_pickaxe",

                    "weight": 2,

                    "functions": [

                        {

                            "function": "set_damage",

                            "damage": {

                                "min": 0,

                                "max": 0.90

                            }

                        }

                    ]

                }
            ]

        }
,
        {

            "rolls": 1,

            "entries": [

                {

                    "type": "item",

                    "weight": 1,

                    "name": "minecraft:apple",

                    "functions": [

                        {

                            "function": "set_nbt",

                            "tag": "{CustomModelData: 15111111, display:{Name:\"{\\\"text\\\":\\\"Nether Wart Fruit\\\",\\\"italic\\\":false}\"}}"

                        },

                        {

                            "function": "set_count",

                            "count": {

                                "min": -1,

                                "max": 1

                            }

                        }
                    ]

                }

            ]

        }
    ]

}
