{

    "pools": [

        {

            "rolls": 1,

            "entries": [
                {

                    "type": "item",

                    "name": "minecraft:leather",

                    "weight": 7

                },

                {

                    "type": "item",

                    "name": "minecraft:arrow",

                    "weight": 5
                },
                {

                    "type": "item",

                    "name": "minecraft:bone",

                    "weight": 15
                },
                {

                    "type": "item",

                    "name": "minecraft:name_tag",

                    "weight": 4
                },
                {

                    "type": "item",

                    "name": "minecraft:rotten_flesh",

                    "weight": 20
                },
                {

                    "type": "item",

                    "name": "minecraft:bowl",

                    "weight": 7

                }
            ]

        }

    ]

}
