{

    "pools": [

        {

            "rolls": 1,

            "entries": [
                {

                    "type": "item",

                    "name": "minecraft:leather",

                    "weight": 20

                },

                {

                    "type": "item",

                    "name": "minecraft:paper",

                    "weight": 10

                },
                {

                    "type": "item",

                    "name": "minecraft:sugar_cane",

                    "weight": 2
                },
                {

                    "type": "item",

                    "name": "minecraft:arrow",

                    "weight": 4
                },
                {

                    "type": "item",

                    "name": "minecraft:feather",

                    "weight": 4
                },
                {

                    "type": "item",

                    "name": "minecraft:wheat",

                    "weight": 20
                },
                {

                    "type": "item",

                    "name": "minecraft:wheat_seeds",

                    "weight": 14
                },
                {

                    "type": "item",

                    "name": "minecraft:poppy",

                    "weight": 2
                },
                {

                    "type": "item",

                    "name": "minecraft:lead",

                    "weight": 4
                },
                {

                    "type": "item",

                    "name": "minecraft:beetroot",

                    "weight": 20
                },
                {

                    "type": "item",

                    "name": "minecraft:beetroot_seeds",

                    "weight": 14
                },
                {

                    "type": "item",

                    "name": "minecraft:beetroot_soup",

                    "weight": 6
                },
                {

                    "type": "item",

                    "name": "minecraft:poisonous_potato",

                    "weight": 16
                },
                {

                    "type": "item",

                    "name": "minecraft:potato",

                    "weight": 20
                },
                {

                    "type": "item",

                    "name": "minecraft:carrot",

                    "weight": 20
                },
                {

                    "type": "item",

                    "name": "minecraft:pumpkin_pie",

                    "weight": 3
                },
                {

                    "type": "item",

                    "name": "minecraft:pumpkin",

                    "weight": 10
                },
                {

                    "type": "item",

                    "name": "minecraft:mushroom_stew",

                    "weight": 6
                },
                {

                    "type": "item",

                    "name": "minecraft:hay_block",

                    "weight": 6
                },

                {

                    "type": "item",

                    "name": "minecraft:potion",

                    "weight": 3,

                    "functions": [

                        {

                            "function": "set_nbt",

                            "tag": "{Potion:\"minecraft:water\"}"

                        }

                    ]

                },

                {

                    "type": "item",

                    "name": "minecraft:potion",

                    "weight": 1,

                    "functions": [

                        {

                            "function": "set_nbt",

                            "tag": "{Potion:\"minecraft:poison\"}"

                        }

                    ]

                },

                {

                    "type": "item",

                    "name": "minecraft:potion",

                    "weight": 1,

                    "functions": [

                        {

                            "function": "set_nbt",

                            "tag": "{Potion:\"minecraft:luck\"}"

                        }

                    ]


                },

                {

                    "type": "item",

                    "name": "minecraft:string",
                    "weight": 4

                },

                {

                    "type": "item",

                    "name": "minecraft:fishing_rod",

                    "weight": 2,

                    "functions": [

                        {

                            "function": "set_damage",

                            "damage": {

                                "min": 0,

                                "max": 0.90

                            }

                        }

                    ]

                },

                {

                    "type": "item",

                    "name": "minecraft:stone_hoe",

                    "weight": 2,

                    "functions": [

                        {

                            "function": "set_damage",

                            "damage": {

                                "min": 0,

                                "max": 0.90

                            }

                        }

                    ]

                },

                {

                    "type": "item",

                    "name": "minecraft:bowl",

                    "weight": 20

                },

                {

                    "type": "item",

                    "name": "minecraft:stick",

                    "weight": 10

                },

                {

                    "type": "item",

                    "name": "minecraft:kelp",

                    "weight": 6

                }
            ]

        }

    ]

}
