{"stat.drop.minecraft.stone_pickaxe":3,"stat.craftItem.pixelmon.cooked_yellow_apricorn":8,"stat.mineBlock.pixelmon.silicon_ore":1,"stat.pickup.minecraft.stone_pressure_plate":1,"PokeballChieve":3,"stat.leaveGame":3,"stat.pickup.minecraft.stone_pickaxe":2,"stat.mineBlock.minecraft.yellow_flower":1,"stat.pickup.pixelmon.cheri_berry":2,"stat.mineBlock.minecraft.sandstone":35,"stat.swimOneCm":19119,"stat.craftItem.pixelmon.healer":2,"stat.climbOneCm":11610,"stat.pickup.pixelmon.ruby":7,"stat.craftItem.pixelmon.ultra_ball":3,"stat.useItem.minecraft.dirt":4,"stat.useItem.minecraft.stone_slab2":22,"stat.pickup.minecraft.sand":2,"stat.craftItem.minecraft.furnace":3,"stat.craftItem.pixelmon.stone_hammer":1,"stat.craftItem.minecraft.stone_axe":1,"stat.craftItem.minecraft.stone_pickaxe":2,"stat.pickup.minecraft.cobblestone":127,"stat.craftItem.minecraft.stone_sword":1,"stat.flyOneCm":131929,"stat.pickup.minecraft.sandstone":35,"stat.pickup.pixelmon.ganlon_berry":2,"stat.pickup.pixelmon.bauxite_ore":10,"stat.mineBlock.minecraft.sand":3,"stat.pickup.minecraft.cactus":2,"stat.craftItem.minecraft.cooked_fish":4,"stat.pickup.minecraft.redstone":30,"stat.mineBlock.minecraft.iron_ore":54,"stat.mineBlock.pixelmon.ruby_ore":7,"stat.timeSinceDeath":103903,"stat.useItem.minecraft.iron_pickaxe":267,"stat.pickup.minecraft.stained_hardened_clay":1,"HiddenPokeLootChieve":1,"stat.mineBlock.pixelmon.fire_stone_ore":2,"stat.mineBlock.pixelmon.crystal_ore":4,"stat.useItem.minecraft.potato":7,"stat.useItem.pixelmon.black_apricorn":4,"stat.pickup.pixelmon.amethyst":4,"stat.furnaceInteraction":32,"stat.mineBlock.minecraft.coal_ore":68,"stat.craftItem.pixelmon.anvil":1,"stat.pickup.minecraft.furnace":1,"stat.craftItem.pixelmon.aluminium_ingot":10,"stat.craftItem.minecraft.stone_slab2":0,"ApricornChieve":2,"stat.mineBlock.minecraft.stained_hardened_clay":2,"stat.sprintOneCm":121999,"stat.craftItem.minecraft.stick":40,"stat.craftItem.minecraft.stone":8,"stat.mineBlock.minecraft.diamond_ore":4,"stat.useItem.minecraft.wheat_seeds":16,"stat.mineBlock.minecraft.crafting_table":3,"stat.useItem.minecraft.carrot":9,"stat.mineBlock.pixelmon.healer":2,"stat.useItem.minecraft.dye":63,"stat.useItem.pixelmon.yellow_apricorn":4,"stat.craftItem.pixelmon.aluminum_disc":3,"stat.drop":3,"stat.playOneMinute":103903,"stat.mineBlock.minecraft.stone_pressure_plate":1,"stat.craftItem.minecraft.iron_pickaxe":2,"stat.craftItem.pixelmon.cooked_black_apricorn":6,"stat.craftItem.minecraft.dye":66,"stat.mineBlock.minecraft.gold_ore":14,"stat.mineBlock.minecraft.tallgrass":12,"stat.diveOneCm":7168,"stat.pickup.minecraft.wheat":12,"stat.chestOpened":31,"stat.pickup.pixelmon.crystal":3,"stat.pickup.pixelmon.aluminium_plate":2,"FirstCatchChieve":2,"stat.mineBlock.pixelmon.amethyst_ore":4,"stat.jump":1302,"stat.pickup.minecraft.coal":68,"stat.fallOneCm":20239,"stat.pickup.minecraft.iron_ingot":1,"stat.mineBlock.pixelmon.bauxite_ore":11,"stat.pickup.minecraft.carrot":23,"stat.useItem.minecraft.stone_axe":6,"stat.craftItem.minecraft.bread":4,"stat.crouchOneCm":1074,"stat.mineBlock.minecraft.chest":1,"stat.craftItem.minecraft.torch":108,"stat.craftItem.minecraft.iron_ingot":37,"stat.craftItem.minecraft.chest":1,"stat.pickup.minecraft.dirt":10,"stat.pickup.minecraft.melon":12,"stat.craftingTableInteraction":20,"stat.pickup.minecraft.iron_ore":51,"stat.pickup.pixelmon.silicon_ore":1,"stat.pickup.minecraft.gold_ore":14,"stat.mineBlock.minecraft.lapis_ore":4,"stat.mineBlock.pixelmon.anvil":1,"stat.damageTaken":100,"stat.mineBlock.minecraft.torch":9,"stat.mineBlock.minecraft.furnace":1,"stat.mineBlock.minecraft.melon_block":2,"stat.useItem.minecraft.wooden_pickaxe":13,"stat.useItem.minecraft.furnace":1,"stat.pickup.minecraft.dye":23,"stat.pickup.minecraft.reeds":9,"stat.pickup.minecraft.wheat_seeds":54,"stat.pickup.minecraft.potato":21,"stat.useItem.minecraft.stone_pickaxe":88,"stat.useItem.minecraft.stone_sword":2,"stat.craftItem.minecraft.baked_potato":14,"stat.mineBlock.minecraft.dirt":17,"stat.pickup.pixelmon.sapphire":9,"stat.walkOneCm":437828,"stat.useItem.minecraft.torch":101,"stat.useItem.minecraft.bread":1,"stat.pickup.minecraft.crafting_table":3,"stat.useItem.minecraft.cobblestone":28,"stat.craftItem.minecraft.crafting_table":1,"stat.pickup.pixelmon.anvil":1,"stat.mineBlock.pixelmon.sapphire_ore":9,"stat.pickup.minecraft.log":7,"stat.useItem.minecraft.cooked_fish":1,"stat.craftItem.pixelmon.ultra_ball_disc":3,"stat.craftItem.minecraft.stone_button":8,"stat.pickup.minecraft.stone":5,"stat.craftItem.minecraft.planks":24,"stat.pickup.pixelmon.rowap_berry":2,"stat.mineBlock.minecraft.log":8,"stat.pickup.minecraft.diamond":4,"stat.mineBlock.minecraft.leaves":3,"stat.pickup.minecraft.torch":9,"stat.pickup.minecraft.red_flower":1,"stat.mineBlock.minecraft.redstone_ore":7,"stat.sneakTime":638,"stat.useItem.minecraft.baked_potato":6,"stat.useItem.minecraft.wooden_axe":15,"stat.pickup.minecraft.yellow_flower":2,"stat.mineBlock.minecraft.stone":131,"stat.pickup.minecraft.chest":1,"stat.useItem.minecraft.sandstone":1}