{

    "pools": [
        {

            "rolls": 1,

            "entries": [

                {

                    "type": "item",

                    "name": "minecraft:cod",

                    "weight": 60

                },

                {

                    "type": "item",

                    "name": "minecraft:salmon",

                    "weight": 25

                },

                {

                    "type": "item",

                    "name": "minecraft:clownfish",

                    "weight": 2

                },

                {

                    "type": "item",

                    "name": "minecraft:pufferfish",

                    "weight": 13

                }

            ]

        }

    ]

}