{

    "pools": [

        {

            "rolls": 1,

            "entries": [

                {

                    "type": "item",

                    "name": "minecraft:leather_boots",

                    "weight": 10,

                    "functions": [

                        {

                            "function": "set_damage",

                            "damage": {

                                "min": 0,

                                "max": 0.90

                            }

                        }

                    ]

                },

                {

                    "type": "item",

                    "name": "minecraft:leather",

                    "weight": 10

                },

                {

                    "type": "item",

                    "name": "minecraft:bone",

                    "weight": 10

                },

                {

                    "type": "item",

                    "name": "minecraft:potion",

                    "weight": 10,

                    "functions": [

                        {

                            "function": "set_nbt",

                            "tag": "{Potion:\"minecraft:water\"}"

                        }

                    ]

                },

                {

                    "type": "item",

                    "name": "minecraft:potion",

                    "weight": 5,

                    "functions": [

                        {

                            "function": "set_nbt",

                            "tag": "{Potion:\"minecraft:poison\"}"

                        }

                    ]

                },

                {

                    "type": "item",

                    "name": "minecraft:potion",

                    "weight": 1,

                    "functions": [

                        {

                            "function": "set_nbt",

                            "tag": "{Potion:\"minecraft:luck\"}"

                        }

                    ]


                },

                {

                    "type": "item",

                    "name": "minecraft:string",
                    "weight": 5

                },

                {

                    "type": "item",

                    "name": "minecraft:fishing_rod",

                    "weight": 2,

                    "functions": [

                        {

                            "function": "set_damage",

                            "damage": {

                                "min": 0,

                                "max": 0.90

                            }

                        }

                    ]

                },

                {

                    "type": "item",

                    "name": "minecraft:bowl",

                    "weight": 10

                },

                {

                    "type": "item",

                    "name": "minecraft:stick",

                    "weight": 5

                },

                {

                    "type": "item",

                    "name": "minecraft:ink_sac",

                    "weight": 1,

                    "functions": [

                        {

                            "function": "set_count",

                            "count": 10

                        }

                    ]

                },

                {

                    "type": "item",

                    "name": "minecraft:kelp",

                    "weight": 5

                },

                {

                    "type": "item",

                    "name": "minecraft:seagrass",

                    "weight": 6

                },

                {

                    "type": "item",

                    "name": "minecraft:squid_spawn_egg",

                    "weight": 1

                },

                {

                    "type": "item",

                    "name": "minecraft:rotten_flesh",

                    "weight": 10

                }

            ]

        }

    ]

}
