{

    "pools": [

        {

            "rolls": {

                "min": 2,

                "max": 4

            },

            "entries": [

                {

                    "type": "item",

                    "name": "minecraft:diamond",

                    "functions": [

                        {

                            "function": "set_count",

                            "count": {

                                "min": 1,

                                "max": 3

                            }

                        }

                    ],

                    "weight": 5

                },

                {

                    "type": "item",

                    "name": "minecraft:iron_ingot",

                    "functions": [

                        {

                            "function": "set_count",

                            "count": {

                                "min": 1,

                                "max": 5

                            }

                        }

                    ],

                    "weight": 15

                },

                {

                    "type": "item",

                    "name": "minecraft:gold_ingot",

                    "functions": [

                        {

                            "function": "set_count",

                            "count": {

                                "min": 2,

                                "max": 7

                            }

                        }

                    ],

                    "weight": 20

                },

                {

                    "type": "item",

                    "name": "minecraft:emerald",

                    "functions": [

                        {

                            "function": "set_count",

                            "count": {

                                "min": 1,

                                "max": 6

                            }

                        }

                    ],

                    "weight": 15

                },

                {

                    "type": "item",

                    "name": "minecraft:bone",

                    "functions": [

                        {

                            "function": "set_count",

                            "count": {

                                "min": 4,

                                "max": 6

                            }

                        }

                    ],

                    "weight": 25

                },

                {

                    "type": "item",

                    "name": "minecraft:spider_eye",

                    "functions": [

                        {

                            "function": "set_count",

                            "count": {

                                "min": 1,

                                "max": 3

                            }

                        }

                    ],

                    "weight": 25

                },

                {

                    "type": "item",

                    "name": "minecraft:rotten_flesh",

                    "functions": [

                        {

                            "function": "set_count",

                            "count": {

                                "min": 3,

                                "max": 7

                            }

                        }

                    ],

                    "weight": 25

                },

                {

                    "type": "item",

                    "name": "minecraft:saddle",

                    "weight": 20

                },

                {

                    "type": "item",

                    "name": "minecraft:iron_horse_armor",
                    "weight": 15

                },

                {

                    "type": "item",

                    "name": "minecraft:golden_horse_armor",

                    "weight": 10

                },

                {

                    "type": "item",

                    "name": "minecraft:diamond_horse_armor",

                    "weight": 5

                },

                {

                    "type": "item",

                    "name": "minecraft:book",

                    "weight": 20,

                    "functions": [

                        {

                            "function": "enchant_randomly"

                        }

                    ]

                },

                {

                    "type": "item",

                    "name": "minecraft:golden_apple",

                    "weight": 20

                },

                {

                    "type": "item",

                    "name": "minecraft:enchanted_golden_apple",

                    "weight": 2

                },

                {

                    "type": "empty",

                    "weight": 15

                }

            ]

        },

        {

            "rolls": 4,

            "entries": [

                {

                    "type": "item",

                    "name": "minecraft:bone",

                    "weight": 10,

                    "functions": [

                        {

                            "function": "set_count",

                            "count": {

                                "min": 1,

                                "max": 8

                            }

                        }

                    ]
                },

                {

                    "type": "item",

                    "name": "minecraft:gunpowder",

                    "weight": 10,

                    "functions": [

                        {

                            "function": "set_count",

                            "count": {

                                "min": 1,

                                "max": 8

                            }

                        }

                    ]

                },

                {

                    "type": "item",

                    "name": "minecraft:rotten_flesh",

                    "weight": 10,

                    "functions": [

                        {

                            "function": "set_count",

                            "count": {

                                "min": 1,

                                "max": 8

                            }

                        }

                    ]

                },

                {

                    "type": "item",

                    "name": "minecraft:golden_sword",

                    "weight": 2,

                    "functions": [

                        {

                            "function": "enchant_randomly"

                        }

                    ]

                },

                {

                    "type": "item",

                    "name": "minecraft:string",

                    "weight": 10,

                    "functions": [

                        {

                            "function": "set_count",

                            "count": {

                                "min": 1,

                                "max": 8

                            }

                        }

                    ]

                },

                {

                    "type": "item",

                    "name": "minecraft:sand",

                    "weight": 10,

                    "functions": [

                        {

                            "function": "set_count",

                            "count": {

                                "min": 1,

                                "max": 8

                            }

                        }

                    ]

                }

            ]

        }

    ]

}