{
    "pools": [
        {
            "rolls": {
                "min": 1,
                "max": 2
            },
            "entries": [
                {
                    "type": "item",
                    "name": "minecraft:arrow",
                    "functions": [
                        {
                            "function": "set_count",
                            "count": {
                                "min": 2,
                                "max": 7
                            }
                        }
                    ],
                    "weight": 30
               },
               {
      "rolls": 1,
      "entries": [
        {
          "type": "item",
          "name": "minecraft:splash_potion",
          "weight": 1,
          "functions": [
            {
              "function": "set_nbt",
              "tag": "{Potion:\"minecraft:strong_harming\"}"
            }
          ]
        }
      ]
    }
  ]
}