{

    "pools": [

        {

            "rolls": 1,

            "entries": [

                {

                    "type": "item",

                    "name": "minecraft:string",

                    "weight": 1,

                    "functions": [

                        {

                            "function": "set_count",

                            "count": {

                                "min": 0,

                                "max": 3

                            }

                        },

                        {

                            "function": "looting_enchant",

                            "count": {

                                "min": 0,

                                "max": 1

                            }

                        }

                    ]

                }

            ]

        },

        {

            "rolls": 1,

            "entries": [

                {

                    "type": "item",

                    "name": "minecraft:potion",

                    "weight": 1,

                    "functions": [

                        {

                            "function": "set_count",

                            "count": {

                                "min": -20,

                                "max": 1                            }

                        },

                        {

                            "function": "set_nbt",

                            "tag": "{Potion:\"minecraft:poison\"}"

                        }

                    ]

                }

            ]

        },
        {

            "rolls": 1,

            "entries": [

                {

                    "type": "item",

                    "name": "minecraft:emerald",

                    "weight": 1,

                    "functions": [

                        {

                            "function": "set_count",

                            "count": {

                                "min": -10,

                                "max": 1

                            }

                        }
                    ]

                }

            ]

        },


        {

            "rolls": 1,

            "entries": [

                {

                    "type": "item",

                    "name": "minecraft:fermented_spider_eye",

                    "weight": 1,

                    "functions": [

                        {

                            "function": "set_count",

                            "count": {

                                "min": -5,

                                "max": 1

                            }

                        },

                        {

                            "function": "looting_enchant",

                            "count": {

                                "min": 0,

                                "max": 1

                            }

                        }

                    ]

                }

            ]

        },

        {

            "rolls": 1,

            "entries": [

                {

                    "type": "loot_table",

                    "name": "minecraft:gameplay/spider_inventory",

                    "weight": 1,

                    "functions": [

                        {

                            "function": "set_count",

                            "count": {

                                "min": -6,

                                "max": 2

                            }

                        }

                    ]

                }

            ]

        },

        {

            "rolls": 1,

            "entries": [

                {

                    "type": "item",

                    "name": "minecraft:spider_eye",

                    "weight": 1,

                    "functions": [
                        {

                            "function": "set_count",

                            "count": {

                                "min": -1,

                                "max": 3

                            }

                        },

                        {

                            "function": "looting_enchant",

                            "count": {

                                "min": 0,

                                "max": 1

                            }

                        }

                    ]

                }

            ],

            "conditions": [

                {

                    "condition": "killed_by_player"

                }

            ]

        }

    ]

}