{

    "pools": [

        {

            "rolls": 1,

            "entries": [

                {

                    "type": "item",

                    "name": "minecraft:leather",

                    "weight": 5,

                    "functions": [

                        {

                            "function": "set_count",

                            "count": {

                                "min": 0,

                                "max": 4

                            }

                        },

                        {
                            "function": "looting_enchant",

                            "count": {

                                "min": 0,

                                "max": 1

                            }

                        }

                    ]

                }

            ]

        },

        {

            "rolls": 1,

            "entries": [

                {

                    "type": "item",

                    "name": "minecraft:porkchop",

                    "weight": 1,

                    "functions": [

                        {

                            "function": "set_count",

                            "count": {

                                "min": 2,

                                "max": 4

                            }

                        },

                        {

                            "function": "set_nbt",

                            "tag": "{display:{Name:\"{\\\"text\\\":\\\"Dolphin Meat\\\",\\\"italic\\\":false}\"}}"

                        },

                        {

                            "function": "looting_enchant",

                            "count": {

                                "min": 0,

                                "max": 1

                            }

                        }
                    ]

                }

            ]

        },

        {

            "rolls": 1,

            "entries": [

                {

                    "type": "item",

                    "name": "minecraft:bone",

                    "weight": 1,

                    "functions": [

                        {

                            "function": "set_count",

                            "count": {

                                "min": 1,

                                "max": 3

                            }

                        },

                        {

                            "function": "looting_enchant",

                            "count": {

                                "min": 0,

                                "max": 1

                            }

                        }

                    ]

                }

            ]

        }

    ]

}