{

    "pools": [

        {

            "rolls": 1,

            "entries": [

                {

                    "type": "item",

                    "name": "minecraft:rotten_flesh",

                    "weight": 1,

                    "functions": [

                        {

                            "function": "set_count",

                            "count": {

                                "min": 0,

                                "max": 3

                            }

                        },

                        {

                            "function": "looting_enchant",

                            "count": {

                                "min": 0,

                                "max": 1

                            }

                        }

                    ]

                }

            ]

        },


        {

            "rolls": 1,

            "entries": [

                {

                    "type": "item",

                    "name": "minecraft:bone",

                    "weight": 1,

                    "functions": [

                        {

                            "function": "set_count",

                            "count": {

                                "min": 0,

                                "max": 3

                            }

                        },

                        {

                            "function": "looting_enchant",

                            "count": {

                                "min": 0,

                                "max": 1

                            }

                        }

                    ]

                }

            ]

        },

        {

            "rolls": 1,

            "entries": [

                {

                    "type": "item",

                    "name": "minecraft:kelp",

                    "weight": 10,

                    "functions": [

                        {

                            "function": "set_count",

                            "count": {

                                "min": -1,

                                "max": 1

                            }

                        }

                    ]

                },
                {

                    "type": "item",

                    "name": "minecraft:seagrass",

                    "weight": 10,

                    "functions": [

                        {

                            "function": "set_count",

                            "count": {

                                "min": -1,

                                "max": 3

                            }

                        }

                    ]

                },
		{

                    "type": "item",

                    "name": "minecraft:sea_pickle",

                    "weight": 5,

                    "functions": [

                        {

                            "function": "set_count",

                            "count": {

                                "min": -2,

                                "max": 1

                            }

                        }

                    ]

                },
		{

                    "type": "item",

                    "name": "minecraft:wet_sponge",

                    "weight": 1,

                    "functions": [

                        {

                            "function": "set_count",

                            "count": {

                                "min": -20,

                                "max": 1

                            }

                        }
                    ]

                },
		{

                    "type": "loot_table",

                    "name": "minecraft:gameplay/fishing/junk",

                    "weight": 1,

                    "functions": [

                        {

                            "function": "set_count",

                            "count": {

                                "min": -10,

                                "max": 1

                            }

                        }

                    ]

                }

            ]

        }

    ]

}