{

    "pools": [

        {

            "rolls": 1,

            "entries": [

                {

                    "type": "item",

                    "name": "minecraft:ink_sac",

                    "weight": 1,

                    "functions": [

                        {

                            "function": "set_count",

                            "count": {

                                "min": 9,

                                "max": 20

                            }

                        },

                        {

                            "function": "looting_enchant",

                            "count": {

                                "min": 0,

                                "max": 2

                            }

                        }

                    ]

                }

            ],

            "conditions": [

                {

                    "condition": "killed_by_player"

                }

            ]

        },

        {

            "rolls": 1,

            "entries": [

                {

                    "type": "item",

                    "name": "minecraft:prismarine_shard",

                    "weight": 1,

                    "functions": [

                        {

                            "function": "set_count",

                            "count": {

                                "min": 0,

                                "max": 6

                            }

                        },

                        {

                            "function": "looting_enchant",

                            "count": {

                                "min": 0,

                                "max": 1

                            }

                        }

                    ]

                }

            ]

        },

        {

            "rolls": 1,

            "entries": [

                {

                    "type": "item",

                    "name": "minecraft:heart_of_the_sea",

                    "weight": 1,

                    "functions": [

                        {

                            "function": "set_count",

                            "count": {

                                "min": 1,

                                "max": 1

                            }

                        }

                    ]

                }

            ]

        },

        {

            "rolls": 1,

            "entries": [

                {

                    "type": "item",

                    "name": "minecraft:gold_nugget",

                    "weight": 2,

                    "functions": [

                        {

                            "function": "looting_enchant",

                            "count": {

                                "min": 0,

                                "max": 4

                            }

                        }

                    ]

                },

                {

                    "type": "item",

                    "name": "minecraft:prismarine_crystals",

                    "weight": 2,

                    "functions": [

                        {

                            "function": "looting_enchant",
                            "count": {

                                "min": 0,

                                "max": 5

                            }

                        }

                    ]

                },

                {

                    "type": "empty",

                    "weight": 1

                }

            ]

        },

        {

            "rolls": 3,

            "entries": [

                {

                    "type": "item",

                    "name": "minecraft:wet_sponge",

                    "weight": 1

                }

            ],

            "conditions": [

                {

                    "condition": "killed_by_player"

                }

            ]

        },

        {

            "conditions": [

                {

                    "condition": "killed_by_player"

                },

                {

                    "condition": "random_chance_with_looting",

                    "chance": 0.025,

                    "looting_multiplier": 0.01

                }

            ],

            "rolls": 1,

            "entries": [

                {

                    "type": "loot_table",

                    "name": "minecraft:gameplay/fishing/fish",

                    "weight": 1

                }

            ]

        }

    ]

}