{

    "pools": [

        {

            "rolls": 1,

            "entries": [

                {

                    "type": "item",

                    "name": "minecraft:bone",

                    "weight": 1,

                    "functions": [

                        {

                            "function": "set_count",

                            "count": {

                                "min": 0,

                                "max": 1

                            }

                        },

                        {

                            "function": "looting_enchant",

                            "count": {

                                "min": 0,

                                "max": 1

                            }

                        }

                    ]

                }

            ],

            "conditions": [

                {

                    "condition": "killed_by_player"

                }

            ]

        }
,
        {

            "rolls": 1,

            "entries": [

                {

                    "type": "item",

                    "name": "minecraft:orange_wool",

                    "functions": [

                        {

                            "function": "set_count",

                            "count": {

                                "min": -3,

                                "max": 1

                            }

                        },

                        {

                            "function": "looting_enchant",

                            "count": {

                                "min": 0,

                                "max": 1

                            }

                        }

                    ]

                }

            ]

        }
    ]

}