{

  "type": "minecraft:entity",

  "pools": [

    {

      "rolls": 1,

      "entries": [

        {

          "type": "minecraft:item",

          "functions": [

            {

              "function": "minecraft:set_count",

              "count": {

                "min": 0.0,

                "max": 4.0,

                "type": "minecraft:uniform"

              }

            },

            {

              "function": "minecraft:looting_enchant",

              "count": {

                "min": 0.0,

                "max": 1.0

              }

            }

          ],

          "name": "minecraft:red_mushroom"

        }

      ]

    },

    {

      "rolls": 1,

      "entries": [

        {

          "type": "minecraft:item",

          "functions": [

            {

              "function": "minecraft:set_count",

              "count": {

                "min": 0.0,

                "max": 4.0,

                "type": "minecraft:uniform"

              }

            },

            {

              "function": "minecraft:looting_enchant",

              "count": {

                "min": 0.0,

                "max": 1.0

              }

            }

          ],

          "name": "minecraft:bone"

        }

      ]

    },

    {

      "rolls": 1,

      "entries": [

        {

          "type": "minecraft:item",

          "functions": [

            {

              "function": "minecraft:set_count",

              "count": {

                "min": 1.0,

                "max": 4.0,

                "type": "minecraft:uniform"

              }

            },

            {

              "function": "minecraft:furnace_smelt",

              "conditions": [

                {

                  "condition": "minecraft:entity_properties",

                  "predicate": {

                    "flags": {

                      "is_on_fire": true

                    }

                  },

                  "entity": "this"

                }

              ]

            },

            {

              "function": "minecraft:looting_enchant",

              "count": {

                "min": 0.0,

                "max": 1.0

              }

            }

          ],

          "name": "minecraft:beef"

        }
      ]

    }

  ]

}