{

  "type": "minecraft:entity",

  "pools": [

    {

      "rolls": 1,

      "entries": [

        {

          "type": "minecraft:item",

          "functions": [

            {

              "function": "minecraft:set_count",

              "count": {

                "min": 0.0,
                "max": 1.0,

                "type": "minecraft:uniform"

              }

            },

            {

              "function": "minecraft:looting_enchant",

              "count": {

                "min": 0.0,

                "max": 1.0

              }

            }

          ],

          "name": "minecraft:phantom_membrane"

        }

      ],

      "conditions": [

        {

          "condition": "minecraft:killed_by_player"

        }

      ]

    },
        {

            "rolls": 1,

            "entries": [

                {

                    "type": "item",

                    "name": "minecraft:bone",

                    "weight": 1,

                    "functions": [

                        {

                            "function": "set_count",

                            "count": {

                                "min": 0,

                                "max": 1

                            }

                        },

                        {

                            "function": "looting_enchant",

                            "count": {

                                "min": 0,

                                "max": 1

                            }

                        }

                    ]

                }

            ]

        }

  ]

}