{

    "pools": [

        {

            "rolls": 1,

            "entries": [

                {

                    "type": "item",

                    "name": "minecraft:emerald",

                    "weight": 1,

                    "functions": [

                        {

                            "function": "set_count",

                            "count": {

                                "min": -10,

                                "max": 2

                            }

                        }
                    ]

                }

            ],

            "conditions": [

                {

                    "condition": "killed_by_player"

                }

            ]

        },
        {

            "rolls": 1,

            "entries": [

                {

                    "type": "loot_table",

                    "name": "minecraft:gameplay/spider_inventory",

                    "weight": 1,

                    "functions": [

                        {

                            "function": "set_count",

                            "count": {

                                "min": -20,

                                "max": 2

                            }

                        }

                    ]

                }
            ]

        },

        {

            "rolls": 1,

            "entries": [

                {

                    "type": "item",

                    "name": "minecraft:bone",

                    "weight": 1,

                    "functions": [

                        {

                            "function": "set_count",

                            "count": {

                                "min": 0,

                                "max": 2

                            }

                        },

                        {

                            "function": "looting_enchant",

                            "count": {

                                "min": 0,

                                "max": 1

                            }

                        }

                    ]

                }

            ]

        }
    ]

}