{

    "pools": [
        {

            "rolls": 1,

            "entries": [

                {

                    "type": "item",

                    "name": "minecraft:leather",

                    "weight": 5,

                    "functions": [

                        {

                            "function": "set_count",

                            "count": {

                                "min": -3,

                                "max": 1

                            }

                        },

                        {

                            "function": "looting_enchant",

                            "count": {

                                "min": 0,

                                "max": 1

                            }

                        }

                    ]

                }

            ]

        },

        {

            "rolls": 1,

            "entries": [

                {

                    "type": "loot_table",

                    "name": "minecraft:gameplay/natural",

                    "weight": 1,

                    "functions": [

                        {

                            "function": "set_count",

                            "count": {

                                "min": -15,

                                "max": 2

                            }

                        }

                    ]

                }

            ]

        },

        {

            "rolls": 1,

            "entries": [

                {

                    "type": "item",
                    "name": "minecraft:bone",

                    "weight": 1,

                    "functions": [

                        {

                            "function": "set_count",

                            "count": {
 
                               "min": 0,

                                "max": 1

                            }

                        },

                        {

                            "function": "looting_enchant",

                            "count": {

                                "min": 0,

                                "max": 1

                            }

                        }

                    ]

                }

            ]

        }
,

    	{

 	     "rolls": 1,

 	     "entries": [

  	      {

  	        "type": "minecraft:item",

  	        "functions": [

  	          {

  	            "function": "minecraft:set_count",

  	            "count": {

  	              "min": 1.0,

  	              "max": 4.0,

   	             "type": "minecraft:uniform"

  	            }

   	         },

   	         {

   	           "function": "minecraft:furnace_smelt",

    	          "conditions": [

     	           {

     	             "condition": "minecraft:entity_properties",

     	             "predicate": {

        	            "flags": {

                	      "is_on_fire": true

  	                  }

        	          },

                  "entity": "this"

     	           }

        	      ]

    	        },

        	    {

        	      "function": "minecraft:looting_enchant",

      	        "count": {

        	        "min": 0.0,

        	        "max": 1.0

        	      }

       	   	  }

     	      ],

          "name": "minecraft:mutton"

        }
      ]

    }

  ]

}