{

    "pools": [

        {

            "rolls": 1,

            "entries": [

                {

                    "type": "item",

                    "weight": 1,

                    "name": "minecraft:apple",

                    "functions": [

                        {

                            "function": "set_nbt",

                            "tag": "{CustomModelData: 13111111, display:{Name:\"{\\\"text\\\":\\\"Silverfish\\\",\\\"italic\\\":false}\"}}"

                        },

                        {

                            "function": "set_count",

                            "count": {

                                "min": -1,

                                "max": 1

                            }

                        }
                    ]

                }

            ]

        }
    ]

}