{

    "pools": [

        {

            "rolls": 1,

            "entries": [

                {

                    "type": "item",

                    "name": "minecraft:string",

                    "weight": 1,

                    "functions": [

                        {

                            "function": "set_count",

                            "count": {

                                "min": 0,

                                "max": 3

                            }

                        },

                        {

                            "function": "looting_enchant",

                            "count": {

                                "min": 0,

                                "max": 1

                            }

                        }

                    ]

                }

            ]

        },
        {

            "rolls": 1,

            "entries": [

                {

                    "type": "loot_table",

                    "name": "minecraft:gameplay/spider_inventory",

                    "weight": 1,

                    "functions": [

                        {

                            "function": "set_count",

                            "count": {

                                "min": -15,

                                "max": 1

                            }

                        }

                    ]

                }

            ]

        },

        {

            "rolls": 1,

            "entries": [

                {

                    "type": "item",

                    "name": "minecraft:spider_eye",

                    "weight": 1,

                    "functions": [
                        {

                            "function": "set_count",

                            "count": {

                                "min": -1,

                                "max": 3

                            }

                        },

                        {

                            "function": "looting_enchant",

                            "count": {

                                "min": 0,

                                "max": 1

                            }

                        }

                    ]

                }

            ],

            "conditions": [

                {

                    "condition": "killed_by_player"

                }

            ]

        }

    ]

}