{

    "pools": [

        {

            "rolls": 1,

            "entries": [

                {

                    "type": "item",

                    "name": "minecraft:arrow",

                    "weight": 1,

                    "functions": [

                        {

                            "function": "set_count",

                            "count": {

                                "min": -1,

                                "max": 2

                            }

                        },

                        {

                            "function": "looting_enchant",

                            "count": {

                                "min": 0,

                                "max": 1

                            }

                        }

                    ]

                }

            ]

        },

        {

            "rolls": 1,

            "entries": [

                {

                    "type": "item",

                    "name": "minecraft:bone",

                    "weight": 1,

                    "functions": [

                        {

                            "function": "set_count",

                            "count": {

                                "min": 2,

                                "max": 4

                            }

                        },

                        {

                            "function": "looting_enchant",

                            "count": {

                                "min": 0,

                                "max": 1

                            }

                        }

                    ]

                }

            ]

        },

        {

            "rolls": 1,

            "entries": [

                {

                    "type": "item",

                    "name": "minecraft:snowball",

                    "weight": 1,

                    "functions": [

                        {

                            "function": "set_count",

                            "count": {

                                "min": -1,

                                "max": 2
                            }

                        },

                        {

                            "function": "looting_enchant",

                            "count": {

                                "min": 0,

                                "max": 1

                            }

                        }

                    ]

                }

            ]

        },

        {

            "rolls": 1,

            "entries": [

                {

                    "type": "item",

                    "name": "minecraft:tipped_arrow",

                    "weight": 1,

                    "functions": [

                        {

                            "function": "set_count",

                            "count": {

                                "min": -1,

                                "max": 3

                            }

                        },

                                                {

                            "function": "looting_enchant",

                            "count": {

                                "min": 0,

                                "max": 1

                            },

                            "limit": 1

                        },

                        {

                            "function": "set_nbt",

                            "tag": "{Potion:\"minecraft:slowness\"}"

                        }

                    ]

                }

            ],

            "conditions": [

                {

                    "condition": "killed_by_player"

                }

            ]

        }

    ]

}