{"stats":{"minecraft:custom":{"minecraft:inspect_dropper":5,"minecraft:mob_kills":302,"minecraft:inspect_hopper":13,"minecraft:interact_with_crafting_table":18,"minecraft:leave_game":46,"minecraft:time_since_death":326363,"minecraft:climb_one_cm":1859,"minecraft:sprint_one_cm":802814,"minecraft:walk_one_cm":3240868,"minecraft:damage_blocked_by_shield":2030,"minecraft:drop":91,"minecraft:talked_to_villager":5,"minecraft:deaths":13,"minecraft:sneak_time":81290,"minecraft:walk_under_water_one_cm":716,"minecraft:jump":6608,"minecraft:walk_on_water_one_cm":5943,"minecraft:play_one_minute":1943225,"minecraft:time_since_rest":326392,"minecraft:damage_taken":4046,"minecraft:trigger_trapped_chest":651,"minecraft:damage_dealt":51356,"minecraft:fly_one_cm":7157063,"minecraft:open_chest":13,"minecraft:crouch_one_cm":155100,"minecraft:aviate_one_cm":748489,"minecraft:fall_one_cm":4450},"minecraft:picked_up":{"minecraft:light_blue_concrete":4,"minecraft:chicken":13,"minecraft:ladder":2,"minecraft:turtle_helmet":4,"minecraft:leather_leggings":6,"minecraft:diamond_sword":7,"minecraft:stone_brick_wall":1,"minecraft:acacia_button":2,"minecraft:wooden_sword":4,"minecraft:oak_sign":6,"minecraft:sea_pickle":1,"minecraft:comparator":1,"minecraft:bucket":1,"minecraft:redstone_torch":1,"minecraft:written_book":31,"minecraft:stick":1,"minecraft:lime_wool":1,"minecraft:spruce_pressure_plate":1,"minecraft:black_stained_glass":1,"minecraft:stone":7,"minecraft:porkchop":1,"minecraft:stone_button":21,"minecraft:redstone":15,"minecraft:stone_sword":1,"minecraft:rotten_flesh":8,"minecraft:command_block":9,"minecraft:totem_of_undying":1,"minecraft:feather":14,"minecraft:leather_chestplate":5,"minecraft:cooked_beef":1,"minecraft:repeater":4,"minecraft:water_bucket":1,"minecraft:chiseled_quartz_block":11,"minecraft:chainmail_chestplate":1,"minecraft:lantern":2,"minecraft:polished_granite":1,"minecraft:name_tag":11,"minecraft:birch_pressure_plate":1,"minecraft:leather_boots":6,"minecraft:glass":1,"minecraft:stone_bricks":1,"minecraft:cooked_chicken":2,"minecraft:bamboo":2,"minecraft:iron_sword":2,"minecraft:chain_command_block":3,"minecraft:dropper":1,"minecraft:trapped_chest":2,"minecraft:leather_helmet":7,"minecraft:campfire":2,"minecraft:stone_axe":1,"minecraft:lever":39,"minecraft:chainmail_leggings":1,"minecraft:birch_sign":2,"minecraft:spruce_sign":2,"minecraft:bread":168,"minecraft:hopper":1},"minecraft:crafted":{"minecraft:leather_leggings":5,"minecraft:leather_boots":5,"minecraft:leather_helmet":4,"minecraft:leather_chestplate":5},"minecraft:dropped":{"minecraft:bread":530,"minecraft:iron_sword":1,"minecraft:command_block":4,"minecraft:leather_helmet":3,"minecraft:trapped_chest":1,"minecraft:black_stained_glass":1,"minecraft:redstone":1,"minecraft:cooked_chicken":2,"minecraft:chiseled_quartz_block":6,"minecraft:name_tag":5,"minecraft:light_blue_concrete":1,"minecraft:oak_sign":2,"minecraft:diamond_sword":6,"minecraft:leather_chestplate":2,"minecraft:turtle_helmet":3,"minecraft:stone":4,"minecraft:shield":1,"minecraft:leather_boots":2,"minecraft:leather_leggings":2,"minecraft:stone_bricks":1,"minecraft:written_book":29},"minecraft:killed_by":{"minecraft:pillager":1,"minecraft:zombie":4},"minecraft:killed":{"minecraft:vex":2,"minecraft:spider":6,"minecraft:skeleton":10,"minecraft:chicken":10,"minecraft:pig":20,"minecraft:ravager":1,"minecraft:trader_llama":1,"minecraft:zombie":232,"minecraft:villager":1},"minecraft:used":{"minecraft:stone_sword":3,"minecraft:trader_llama_spawn_egg":1,"minecraft:red_concrete":41,"minecraft:armor_stand":6,"minecraft:redstone":152,"minecraft:ladder":16,"minecraft:oak_sign":61,"minecraft:chest":23,"minecraft:shield":10,"minecraft:stone":1710,"minecraft:iron_sword":31,"minecraft:zombie_spawn_egg":61,"minecraft:stone_hoe":70,"minecraft:cooked_chicken":3,"minecraft:torch":25,"minecraft:birch_pressure_plate":4,"minecraft:anvil":4,"minecraft:skeleton_spawn_egg":1,"minecraft:hopper":19,"minecraft:acacia_button":2,"minecraft:glass":288,"minecraft:stone_brick_slab":30,"minecraft:villager_spawn_egg":9,"minecraft:lantern":30,"minecraft:grass_block":184,"minecraft:quartz_block":252,"minecraft:chicken_spawn_egg":5,"minecraft:stone_brick_stairs":53,"minecraft:stone_bricks":1330,"minecraft:item_frame":2,"minecraft:bedrock":422,"minecraft:birch_button":2,"minecraft:repeater":105,"minecraft:golden_sword":21,"minecraft:red_carpet":47,"minecraft:bow":153,"minecraft:black_stained_glass":126,"minecraft:written_book":154,"minecraft:scaffolding":2,"minecraft:cooked_cod":2,"minecraft:gold_block":161,"minecraft:trapped_chest":90,"minecraft:stone_pressure_plate":15,"minecraft:cooked_beef":5,"minecraft:zombified_piglin_spawn_egg":1,"minecraft:mossy_stone_bricks":1,"minecraft:water_bucket":9,"minecraft:iron_ore":31,"minecraft:dropper":2,"minecraft:baked_potato":1,"minecraft:polished_andesite":5,"minecraft:dark_oak_sign":2,"minecraft:lime_wool":21,"minecraft:redstone_block":100,"minecraft:spruce_sign":15,"minecraft:conduit":2,"minecraft:cracked_stone_bricks":499,"minecraft:comparator":8,"minecraft:light_blue_concrete":200,"minecraft:oak_slab":1,"minecraft:crafting_table":3,"minecraft:mushroom_stew":2,"minecraft:birch_sign":80,"minecraft:black_banner":11,"minecraft:yellow_concrete":48,"minecraft:crossbow":6,"minecraft:campfire":29,"minecraft:chiseled_quartz_block":1214,"minecraft:stone_brick_wall":22,"minecraft:redstone_torch":20,"minecraft:sticky_piston":7,"minecraft:lever":65,"minecraft:firework_rocket":17,"minecraft:apple":4,"minecraft:command_block":521,"minecraft:bread":9,"minecraft:stone_button":55,"minecraft:spruce_pressure_plate":1,"minecraft:lectern":13,"minecraft:spruce_trapdoor":19,"minecraft:oak_pressure_plate":2,"minecraft:yellow_wool":20,"minecraft:diamond_sword":649,"minecraft:fire_charge":1,"minecraft:wooden_sword":51,"minecraft:cooked_porkchop":1,"minecraft:bucket":4,"minecraft:chain_command_block":60,"minecraft:repeating_command_block":2,"minecraft:sea_pickle":1,"minecraft:white_concrete":94,"minecraft:splash_potion":23,"minecraft:gray_stained_glass":86}},"DataVersion":2578}