{"stats":{"minecraft:killed_by":{"minecraft:zombie":8},"minecraft:used":{"minecraft:apple":6,"minecraft:stone_sword":18,"minecraft:command_block":1,"minecraft:bread":79,"minecraft:baked_potato":4,"minecraft:stone":3,"minecraft:cooked_chicken":4,"minecraft:stone_axe":10,"minecraft:wooden_sword":2622,"minecraft:written_book":103,"minecraft:cooked_porkchop":3,"minecraft:mushroom_stew":4,"minecraft:cooked_cod":4,"minecraft:chiseled_quartz_block":1,"minecraft:cooked_beef":7},"minecraft:picked_up":{"minecraft:leather_chestplate":11,"minecraft:cooked_beef":6,"minecraft:leather_leggings":11,"minecraft:diamond_sword":1,"minecraft:chiseled_quartz_block":1,"minecraft:shield":1,"minecraft:leather_helmet":11,"minecraft:wooden_sword":12,"minecraft:leather_boots":12,"minecraft:stone_sword":3,"minecraft:command_block":1,"minecraft:cooked_chicken":4,"minecraft:written_book":155,"minecraft:bread":636},"minecraft:dropped":{"minecraft:bread":217,"minecraft:leather_chestplate":2,"minecraft:cooked_chicken":4,"minecraft:cooked_beef":4,"minecraft:stone_sword":3,"minecraft:leather_boots":3,"minecraft:leather_leggings":2,"minecraft:wooden_sword":3,"minecraft:written_book":31,"minecraft:leather_helmet":2},"minecraft:broken":{"minecraft:wooden_sword":2},"minecraft:custom":{"minecraft:time_since_rest":15316,"minecraft:sprint_one_cm":882897,"minecraft:damage_taken":9429,"minecraft:walk_one_cm":869293,"minecraft:trigger_trapped_chest":261,"minecraft:mob_kills":632,"minecraft:drop":44,"minecraft:damage_dealt":109053,"minecraft:fly_one_cm":734141,"minecraft:open_chest":46,"minecraft:play_one_minute":313947,"minecraft:crouch_one_cm":50000,"minecraft:deaths":22,"minecraft:sneak_time":31841,"minecraft:jump":4801,"minecraft:leave_game":6,"minecraft:time_since_death":15236,"minecraft:climb_one_cm":1409,"minecraft:fall_one_cm":105950},"minecraft:killed":{"minecraft:zombie":624}},"DataVersion":1963}