{"stats":{"minecraft:custom":{"minecraft:interact_with_furnace":18,"minecraft:mob_kills":45,"minecraft:interact_with_anvil":1,"minecraft:inspect_hopper":60,"minecraft:traded_with_villager":4,"minecraft:play_one_minute":927657,"minecraft:leave_game":143,"minecraft:time_since_death":150332,"minecraft:sleep_in_bed":2,"minecraft:time_since_rest":150358,"minecraft:sprint_one_cm":205465,"minecraft:damage_taken":720,"minecraft:walk_one_cm":1740341,"minecraft:trigger_trapped_chest":10,"minecraft:drop":44,"minecraft:minecart_one_cm":29471,"minecraft:damage_dealt":7030,"minecraft:talked_to_villager":2,"minecraft:fly_one_cm":1790643,"minecraft:open_chest":110,"minecraft:crouch_one_cm":151308,"minecraft:deaths":14,"minecraft:sneak_time":59854,"minecraft:jump":2321,"minecraft:walk_on_water_one_cm":4685,"minecraft:inspect_dispenser":18},"minecraft:picked_up":{"minecraft:repeater":6,"minecraft:tripwire_hook":2,"minecraft:diamond_sword":1,"minecraft:gold_block":1,"minecraft:acacia_wood":5,"minecraft:string":1,"minecraft:red_carpet":44,"minecraft:oak_sign":1,"minecraft:diamond_leggings":1,"minecraft:netherite_sword":4,"minecraft:redstone_torch":7,"minecraft:written_book":1,"minecraft:stripped_oak_wood":1,"minecraft:observer":1,"minecraft:diamond_helmet":2,"minecraft:powered_rail":2,"minecraft:sugar_cane":423,"minecraft:oak_pressure_plate":1,"minecraft:stone_button":18,"minecraft:white_bed":1,"minecraft:redstone":36,"minecraft:stone_pressure_plate":2,"minecraft:rotten_flesh":194,"minecraft:repeating_command_block":1,"minecraft:command_block":1,"minecraft:diamond":8,"minecraft:slime_block":1,"minecraft:lever":7,"minecraft:diamond_boots":1,"minecraft:birch_sign":1,"minecraft:rail":26},"minecraft:crafted":{"minecraft:diamond_sword":4},"minecraft:dropped":{"minecraft:gold_ore":64,"minecraft:acacia_wood":2,"minecraft:sugar_cane":94,"minecraft:netherite_sword":4,"minecraft:spruce_planks":64,"minecraft:stone_button":2,"minecraft:powered_rail":3},"minecraft:killed":{"minecraft:piglin":8,"minecraft:pig":2,"minecraft:zombie":28},"minecraft:used":{"minecraft:water_bucket":17,"minecraft:netherite_sword":16,"minecraft:red_sand":15,"minecraft:acacia_log":211,"minecraft:birch_planks":23,"minecraft:flint_and_steel":3,"minecraft:redstone":384,"minecraft:dispenser":30,"minecraft:polished_andesite":51,"minecraft:powered_rail":26,"minecraft:oak_planks":2,"minecraft:ladder":2,"minecraft:oak_sign":26,"minecraft:chest":36,"minecraft:stone":248,"minecraft:redstone_block":13,"minecraft:zombie_spawn_egg":26,"minecraft:cauldron":3,"minecraft:spruce_sign":1,"minecraft:diamond_axe":3,"minecraft:sugar_cane":113,"minecraft:netherrack":1,"minecraft:oak_door":1,"minecraft:diamond_block":88,"minecraft:anvil":1,"minecraft:sand":17,"minecraft:rail":43,"minecraft:comparator":12,"minecraft:hopper":50,"minecraft:birch_sign":18,"minecraft:white_bed":3,"minecraft:campfire":1,"minecraft:painting":4,"minecraft:cyan_wool":2,"minecraft:obsidian":64,"minecraft:redstone_torch":60,"minecraft:andesite_wall":6,"minecraft:sticky_piston":84,"minecraft:glass":44,"minecraft:piston":43,"minecraft:lever":25,"minecraft:honey_block":4,"minecraft:sea_lantern":8,"minecraft:lava_bucket":7,"minecraft:bricks":1,"minecraft:warped_trapdoor":5,"minecraft:crying_obsidian":1,"minecraft:command_block":100,"minecraft:stone_button":66,"minecraft:string":7,"minecraft:slime_block":35,"minecraft:warped_fence":5,"minecraft:quartz_block":79,"minecraft:warped_nylium":114,"minecraft:detector_rail":1,"minecraft:oak_pressure_plate":3,"minecraft:iron_door":5,"minecraft:hopper_minecart":5,"minecraft:item_frame":9,"minecraft:tripwire_hook":9,"minecraft:repeater":119,"minecraft:written_book":24,"minecraft:diamond_sword":163,"minecraft:hay_block":1,"minecraft:red_carpet":88,"minecraft:redstone_lamp":7,"minecraft:cobblestone":133,"minecraft:warped_stairs":8,"minecraft:pufferfish_bucket":2,"minecraft:dark_oak_pressure_plate":2,"minecraft:jungle_button":2,"minecraft:acacia_pressure_plate":3,"minecraft:stripped_oak_wood":20,"minecraft:furnace":3,"minecraft:acacia_wood":1297,"minecraft:gold_block":137,"minecraft:minecart":6,"minecraft:chain_command_block":7,"minecraft:glass_pane":31,"minecraft:repeating_command_block":1,"minecraft:smooth_stone_slab":17,"minecraft:trapped_chest":2,"minecraft:stone_pressure_plate":12,"minecraft:tropical_fish_bucket":6,"minecraft:observer":97}},"DataVersion":2586}