{
  "bonus_chest": false,
  "dimensions": {
    "minecraft:overworld": {
      "type": "minecraft:overworld",
      "generator": {
        "settings": {
          "lakes": false,
          "features": true,
          "biome": "minecraft:the_void",
          "structures": {
            "structures": {}
          },
          "layers": [
            {
              "height": 1,
              "block": "minecraft:air"
            }
          ]
        },
        "type": "minecraft:flat"
      }
    },
    "minecraft:the_nether": {
      "type": "minecraft:the_nether",
      "generator": {
        "biome_source": {
          "seed": -2280539809547008505,
          "preset": "minecraft:nether",
          "type": "minecraft:multi_noise"
        },
        "seed": -2280539809547008505,
        "settings": "minecraft:nether",
        "type": "minecraft:noise"
      }
    },
    "minecraft:the_end": {
      "type": "minecraft:the_end",
      "generator": {
        "biome_source": {
          "seed": -2280539809547008505,
          "type": "minecraft:the_end"
        },
        "seed": -2280539809547008505,
        "settings": "minecraft:end",
        "type": "minecraft:noise"
      }
    }
  },
  "seed": -2280539809547008505,
  "generate_features": true
}